step,uav_x,uav_y,jammer_power,uav_energy,node_0_x,node_0_y,node_0_sinr,node_0_aoi,node_0_energy,node_0_status,node_0_total_time,node_0_max_continuous_time,node_1_x,node_1_y,node_1_sinr,node_1_aoi,node_1_energy,node_1_status,node_1_total_time,node_1_max_continuous_time,node_2_x,node_2_y,node_2_sinr,node_2_aoi,node_2_energy,node_2_status,node_2_total_time,node_2_max_continuous_time,node_3_x,node_3_y,node_3_sinr,node_3_aoi,node_3_energy,node_3_status,node_3_total_time,node_3_max_continuous_time,node_4_x,node_4_y,node_4_sinr,node_4_aoi,node_4_energy,node_4_status,node_4_total_time,node_4_max_continuous_time,jammed_count
1,480.4399383068085,515.5693280696869,0.07886888086795807,764.3007776909109,33.17857069194763,871.5783881584624,0.029446865229539168,5.0,0.0010584570210717763,2,0.0,0.0,445.6456755016003,880.1745662427677,0.017953655868763102,5.0,0.0010738879993613523,2,0.0,0.0,236.89926880901558,895.5652871979444,0.025864915887305724,5.0,0.0010617952916835848,2,0.0,0.0,10.155857124329204,43.17152794111878,0.03611622283963883,5.0,0.001054005532175321,2,0.0,0.0,188.1008027224058,135.22476181698028,0.04033114289605788,5.0,0.0010519514270059295,2,0.0,0.0,5
2,460.87987661361694,531.1386561393738,0.004101566970348358,1528.6015553818218,33.17857069194763,871.5783881584624,0.5221013816406826,10.0,0.0020941466103424127,2,0.0,0.0,445.6456755016003,880.1745662427677,0.35968558867197736,10.0,0.002110198087741484,2,0.0,0.0,236.89926880901558,895.5652871979444,0.49988985303783184,10.0,0.002097546148344523,2,0.0,0.0,10.155857124329204,43.17152794111878,0.536890980494651,10.0,0.002089657105571445,2,0.0,0.0,188.1008027224058,135.22476181698028,0.6552914285778494,10.0,0.0020873597900777667,2,0.0,0.0,5
3,441.3198149204254,546.7079842090607,0.08696510642766953,2292.9023330727327,33.17857069194763,871.5783881584624,0.0319098057319058,15.0,0.0031507430481880544,2,0.0,0.0,445.6456755016003,880.1745662427677,0.019366772561799573,15.0,0.0031812013539313467,2,0.0,0.0,236.89926880901558,895.5652871979444,0.02890999656015616,15.0,0.003156450817060421,2,0.0,0.0,10.155857124329204,43.17152794111878,0.033160393126490904,15.0,0.0031454145999065698,2,0.0,0.0,188.1008027224058,135.22476181698028,0.036111374256470714,15.0,0.0031413679612536166,2,0.0,0.0,5
4,421.7597532272339,562.2773122787476,0.0027753824833780527,3057.2031107636435,33.17857069194763,871.5783881584624,0.8613317938849986,20.0,0.004185885477879087,2,0.0,0.0,445.6456755016003,880.1745662427677,0.6147347586918587,20.0,0.004216682627102688,2,0.0,0.0,236.89926880901558,895.5652871979444,0.8773681105895902,20.0,0.004191577687286988,2,0.0,0.0,10.155857124329204,43.17152794111878,0.7140865459123168,20.0,0.004180731743429016,2,0.0,0.0,188.1008027224058,135.22476181698028,0.8785680343636324,20.0,0.004176493689529024,2,0.0,0.0,5
5,402.19969153404236,577.8466403484344,0.004123690538108349,3821.5038884545543,33.17857069194763,871.5783881584624,0.6905192827166361,25.0,0.005221237352895999,2,0.0,0.0,445.6456755016003,880.1745662427677,0.4575164456678484,25.0,0.005252566669579907,2,0.0,0.0,236.89926880901558,895.5652871979444,0.6942858016147531,25.0,0.005226923856099682,2,0.0,0.0,10.155857124329204,43.17152794111878,0.5367209171222045,25.0,0.005216383742202073,2,0.0,0.0,188.1008027224058,135.22476181698028,0.6248780641175745,25.0,0.005211955854320353,2,0.0,0.0,5
6,382.63962984085083,593.4159684181213,0.08052809536457062,4585.8046661454655,33.17857069194763,871.5783881584624,0.046372598140472954,30.0,0.006270895643512673,2,0.0,0.0,445.6456755016003,880.1745662427677,0.026349101223317094,30.0,0.006313857666789043,2,0.0,0.0,236.89926880901558,895.5652871979444,0.044185914094880194,30.0,0.0062773397417384596,2,0.0,0.0,10.155857124329204,43.17152794111878,0.035604671758516726,30.0,0.006270671664847556,2,0.0,0.0,188.1008027224058,135.22476181698028,0.03680148684372895,30.0,0.0062655954025345505,2,0.0,0.0,5
7,363.0795681476593,608.9852964878082,0.002136428840458393,5350.105443836376,33.17857069194763,871.5783881584624,1.4335198318638844,0.0,0.007305693745195494,0,5.0,5.0,445.6456755016003,880.1745662427677,0.9665050380781678,35.0,0.007348907240833653,2,0.0,0.0,236.89926880901558,895.5652871979444,1.5729473214185727,0.0,0.00731209079318136,0,5.0,5.0,10.155857124329204,43.17152794111878,0.8349033965551436,35.0,0.00730584100959281,2,0.0,0.0,188.1008027224058,135.22476181698028,0.9979569016211534,35.0,0.007300620914690408,2,0.0,0.0,3
8,343.5195064544678,624.5546245574951,0.006000975146889687,6114.406221527287,33.17857069194763,871.5783881584624,0.6944130332389212,5.0,0.008341039722316236,2,5.0,5.0,445.6456755016003,880.1745662427677,0.3843471655938128,40.0,0.008385089652111868,2,0.0,0.0,236.89926880901558,895.5652871979444,0.7175273459831464,5.0,0.008347403053343265,2,5.0,5.0,10.155857124329204,43.17152794111878,0.39096377945715854,40.0,0.008341991886677188,2,0.0,0.0,188.1008027224058,135.22476181698028,0.41579118467024334,40.0,0.008336662347410631,2,0.0,0.0,5
9,323.95944476127625,640.123952627182,0.08724089711904526,6878.706999218198,33.17857069194763,871.5783881584624,0.060585419262362404,10.0,0.009387106539514384,2,5.0,5.0,445.6456755016003,880.1745662427677,0.028389646046860086,45.0,0.00944444435165222,2,0.0,0.0,236.89926880901558,895.5652871979444,0.06036232351766073,10.0,0.009393513182458308,2,5.0,5.0,10.155857124329204,43.17152794111878,0.031963810559156515,45.0,0.009398550739825387,2,0.0,0.0,188.1008027224058,135.22476181698028,0.030924286142399213,45.0,0.009393967712159577,2,0.0,0.0,5
10,304.3993830680847,655.6932806968689,0.03287927061319351,7643.0077769091085,33.17857069194763,871.5783881584624,0.18023039175317662,15.0,0.010425389830448259,2,5.0,5.0,445.6456755016003,880.1745662427677,0.07698627934805746,50.0,0.010488014456713273,2,0.0,0.0,236.89926880901558,895.5652871979444,0.1824873555549911,15.0,0.010431747653790544,2,5.0,5.0,10.155857124329204,43.17152794111878,0.08154031247900313,50.0,0.010441605679953104,2,0.0,0.0,188.1008027224058,135.22476181698028,0.0778391070419509,50.0,0.010437436757817675,2,0.0,0.0,5
11,284.8393213748932,671.2626099586487,0.08245357871055603,8407.308544628266,33.17857069194763,871.5783881584624,0.08364432105928411,20.0,0.011468225696006277,2,5.0,5.0,445.6456755016003,880.1745662427677,0.03114031624950826,55.0,0.011545160581965362,2,0.0,0.0,236.89926880901558,895.5652871979444,0.08446800348534944,20.0,0.011474500726607472,2,5.0,5.0,10.155857124329204,43.17152794111878,0.03272537303020594,55.0,0.011497647730767993,2,0.0,0.0,188.1008027224058,135.22476181698028,0.030216963392585276,55.0,0.011495279433100936,2,0.0,0.0,5
12,265.27925968170166,686.8319380283356,0.05939679965376854,9171.609322319176,33.17857069194763,871.5783881584624,0.13392916399364196,25.0,0.012507872842486173,2,5.0,5.0,445.6456755016003,880.1745662427677,0.042964630918557345,60.0,0.012596033148337323,2,0.0,0.0,236.89926880901558,895.5652871979444,0.1347355812912312,25.0,0.012514116111464241,2,5.0,5.0,10.155857124329204,43.17152794111878,0.04427988895374684,60.0,0.01254802951953537,2,0.0,0.0,188.1008027224058,135.22476181698028,0.040028545231472236,60.0,0.012547363916827602,2,0.0,0.0,5
13,245.71919798851013,702.4012672901154,0.057436347007751465,9935.910090038333,33.17857069194763,871.5783881584624,0.1619103356320534,30.0,0.013546602662148303,2,5.0,5.0,445.6456755016003,880.1745662427677,0.043521527424104964,65.0,0.013646694293012565,2,0.0,0.0,236.89926880901558,895.5652871979444,0.15983078873203996,30.0,0.013552903074286827,2,5.0,5.0,10.155857124329204,43.17152794111878,0.04477918146034005,65.0,0.013598232549893395,2,0.0,0.0,188.1008027224058,135.22476181698028,0.039550813505119055,65.0,0.01359966261037137,2,0.0,0.0,5
14,226.1591362953186,717.9705965518951,0.010034466162323952,10700.210857757489,33.17857069194763,871.5783881584624,1.029594256151557,0.0,0.014581605412522559,0,10.0,5.0,445.6456755016003,880.1745662427677,0.23652217207322837,70.0,0.014684037550456082,2,0.0,0.0,236.89926880901558,895.5652871979444,1.0044858998594326,0.0,0.014587923775107018,0,10.0,5.0,10.155857124329204,43.17152794111878,0.22615792397157317,70.0,0.014635713828453998,2,0.0,0.0,188.1008027224058,135.22476181698028,0.2031926465450712,70.0,0.014637499718319806,2,0.0,0.0,3
15,206.59907460212708,733.539924621582,0.09846479445695877,11464.5116354484,33.17857069194763,871.5783881584624,0.13461121339004883,5.0,0.015621225670956277,2,10.0,5.0,445.6456755016003,880.1745662427677,0.023396827482369775,75.0,0.015748727781425633,2,0.0,0.0,236.89926880901558,895.5652871979444,0.11924642399908367,5.0,0.015628224239239503,2,10.0,5.0,10.155857124329204,43.17152794111878,0.025107739319975408,75.0,0.015698336732213547,2,0.0,0.0,188.1008027224058,135.22476181698028,0.02110176405368367,75.0,0.015705489553531356,2,0.0,0.0,5
16,187.03901290893555,749.1092538833618,0.02241392247378826,12228.812403167556,33.17857069194763,871.5783881584624,0.6993191923508296,10.0,0.01665656430852381,2,10.0,5.0,445.6456755016003,880.1745662427677,0.09618607446657672,80.0,0.01679045650839455,2,0.0,0.0,236.89926880901558,895.5652871979444,0.5651975135790451,10.0,0.01666380853313518,2,10.0,5.0,10.155857124329204,43.17152794111878,0.10270376110390261,80.0,0.016739596812808025,2,0.0,0.0,188.1008027224058,135.22476181698028,0.08596844340858202,80.0,0.01674809588423933,2,0.0,0.0,5
17,167.47895121574402,764.6785831451416,0.06496196985244751,12993.113170886712,33.17857069194763,871.5783881584624,0.3044421723757906,15.0,0.017693234918589523,2,10.0,5.0,445.6456755016003,880.1745662427677,0.03117920824615357,85.0,0.017847574200061,2,0.0,0.0,236.89926880901558,895.5652871979444,0.20978937132353104,15.0,0.017701535477792768,2,10.0,5.0,10.155857124329204,43.17152794111878,0.03574641206992084,85.0,0.017793805681457626,2,0.0,0.0,188.1008027224058,135.22476181698028,0.02885403531790092,85.0,0.017807048172748446,2,0.0,0.0,5
18,147.9188895225525,780.2479112148285,0.03522385656833649,13757.413948577623,33.17857069194763,871.5783881584624,0.6961438642433232,20.0,0.018728578294810717,2,10.0,5.0,445.6456755016003,880.1745662427677,0.05317259499311335,90.0,0.01889527468387139,2,0.0,0.0,236.89926880901558,895.5652871979444,0.39376312534751956,20.0,0.0187376733300503,2,10.0,5.0,10.155857124329204,43.17152794111878,0.0629089541617228,90.0,0.018839439662124455,2,0.0,0.0,188.1008027224058,135.22476181698028,0.05009584154647351,90.0,0.018855568668600595,2,0.0,0.0,5
19,128.35882782936096,795.8172404766083,0.07675553858280182,14521.71471629678,33.17857069194763,871.5783881584624,0.4108028251060479,25.0,0.01976464066387281,2,10.0,5.0,445.6456755016003,880.1745662427677,0.02257497704627334,95.0,0.019961069381480706,2,0.0,0.0,236.89926880901558,895.5652871979444,0.17897128657518357,25.0,0.019775984390174327,2,10.0,5.0,10.155857124329204,43.17152794111878,0.028542176419144534,95.0,0.019898660744209686,2,0.0,0.0,188.1008027224058,135.22476181698028,0.022110043212147455,95.0,0.019922024542588408,2,0.0,0.0,5
20,108.79876613616943,811.3865697383881,0.08593463897705078,15286.015484015936,33.17857069194763,871.5783881584624,0.4709752240452691,30.0,0.02080047983369096,2,10.0,5.0,445.6456755016003,880.1745662427677,0.018531527165856522,100.0,0.021033724547818412,2,0.0,0.0,236.89926880901558,895.5652871979444,0.1515236815133174,30.0,0.020815015241452274,2,10.0,5.0,10.155857124329204,43.17152794111878,0.024725944004722836,100.0,0.020961720181332053,2,0.0,0.0,188.1008027224058,135.22476181698028,0.018787046379096783,100.0,0.020994158764218816,2,0.0,0.0,5
21,89.2387044429779,826.955897808075,0.006797268521040678,16050.316261706846,33.17857069194763,871.5783881584624,6.873059515878747,0.0,0.021834823812868068,0,15.0,5.0,445.6456755016003,880.1745662427677,0.20891215782588676,105.0,0.0220714657416858,2,0.0,0.0,236.89926880901558,895.5652871979444,1.6584072898374602,0.0,0.02184974119315663,0,15.0,5.0,10.155857124329204,43.17152794111878,0.2567802444419507,105.0,0.021998825729877946,2,0.0,0.0,188.1008027224058,135.22476181698028,0.2043171745014328,105.0,0.022031976591277657,2,0.0,0.0,3
22,69.67864274978638,842.5252270698547,0.07199298590421677,16814.617029426005,33.17857069194763,871.5783881584624,0.8914052414782156,5.0,0.02286993751185521,2,15.0,5.0,445.6456755016003,880.1745662427677,0.01855380799852837,110.0,0.023144074911523867,2,0.0,0.0,236.89926880901558,895.5652871979444,0.1484271074240469,5.0,0.022888869930232796,2,15.0,5.0,10.155857124329204,43.17152794111878,0.0275050323409388,110.0,0.02305898457454376,2,0.0,0.0,188.1008027224058,135.22476181698028,0.020216598864555232,110.0,0.02310143920694864,2,0.0,0.0,5
23,50.11858105659485,858.0945551395416,0.0001576318172737956,17578.917807116915,33.17857069194763,871.5783881584624,78.93344015535425,0.0,0.023904099518528704,0,20.0,5.0,445.6456755016003,880.1745662427677,3.3637597421279315,0.0,0.024178556664274525,0,5.0,5.0,236.89926880901558,895.5652871979444,15.765811620527074,0.0,0.02392312168499177,0,20.0,5.0,10.155857124329204,43.17152794111878,1.3091921037950858,0.0,0.024093832686196963,0,5.0,5.0,188.1008027224058,135.22476181698028,1.4921539326209399,0.0,0.024136216499570203,0,5.0,5.0,0
24,75.0797164440155,859.4879923760891,0.03729933872818947,18343.218596311195,33.17857069194763,871.5783881584624,1.7424349412012143,0.0,0.024938803077425607,0,25.0,10.0,445.6456755016003,880.1745662427677,0.0369302242962209,5.0,0.025232128972063627,2,5.0,5.0,236.89926880901558,895.5652871979444,0.30985647935788263,5.0,0.02495975131263613,2,20.0,5.0,10.155857124329204,43.17152794111878,0.05005389359498459,5.0,0.025142365058400392,2,5.0,5.0,188.1008027224058,135.22476181698028,0.03701001006172389,5.0,0.025189747369493296,2,5.0,5.0,4
25,100.04085183143616,860.8814296126366,0.05204777792096138,19107.519385505475,33.17857069194763,871.5783881584624,1.0250665682739613,0.0,0.025973809001638204,0,30.0,15.0,445.6456755016003,880.1745662427677,0.030168539899356295,10.0,0.026290009353171745,2,5.0,5.0,236.89926880901558,895.5652871979444,0.27902030347090784,10.0,0.025996635501474494,2,20.0,5.0,10.155857124329204,43.17152794111878,0.0358999089743482,10.0,0.026196489019938436,2,5.0,5.0,188.1008027224058,135.22476181698028,0.02682445644276037,10.0,0.026250560978299954,2,5.0,5.0,4
26,125.00198721885681,862.274866849184,0.02437862940132618,19871.820174699755,33.17857069194763,871.5783881584624,1.6946113594621788,0.0,0.027008525046892943,0,35.0,20.0,445.6456755016003,880.1745662427677,0.07357610185036885,15.0,0.02733400696486024,2,5.0,5.0,236.89926880901558,895.5652871979444,0.7474651908354645,15.0,0.02703190713457743,2,20.0,5.0,10.155857124329204,43.17152794111878,0.07374388639099225,15.0,0.02724046467339471,2,5.0,5.0,188.1008027224058,135.22476181698028,0.05650771757773138,15.0,0.027297473428647967,2,5.0,5.0,4
27,149.96312260627747,863.6683040857315,0.09590482711791992,20636.120963894035,33.17857069194763,871.5783881584624,0.34471549756211095,5.0,0.02804492148421615,2,35.0,20.0,445.6456755016003,880.1745662427677,0.021793653914323575,20.0,0.028400928901846277,2,5.0,5.0,236.89926880901558,895.5652871979444,0.2449594243273707,20.0,0.02806914662884348,2,20.0,5.0,10.155857124329204,43.17152794111878,0.01925792231566997,20.0,0.028311675097433174,2,5.0,5.0,188.1008027224058,135.22476181698028,0.014717374878946228,20.0,0.02838005499089472,2,5.0,5.0,5
28,174.92425799369812,865.061741322279,0.06842783838510513,21400.421753088314,33.17857069194763,871.5783881584624,0.3787389965290247,10.0,0.02908113147965792,2,35.0,20.0,445.6456755016003,880.1745662427677,0.03570075033287594,25.0,0.029455163169262836,2,5.0,5.0,236.89926880901558,895.5652871979444,0.4309391501508298,25.0,0.029105127430834724,2,20.0,5.0,10.155857124329204,43.17152794111878,0.026470881616034506,25.0,0.029372842159871487,2,5.0,5.0,188.1008027224058,135.22476181698028,0.02053207225018468,25.0,0.02944897814316155,2,5.0,5.0,5
29,199.88539338111877,866.4551785588264,0.036882560700178146,22164.722542282594,33.17857069194763,871.5783881584624,0.5544440003233727,15.0,0.030116740533998387,2,35.0,20.0,445.6456755016003,880.1745662427677,0.07816874871733025,30.0,0.030498593743281486,2,5.0,5.0,236.89926880901558,895.5652871979444,0.9613590925989671,30.0,0.030140181087374693,2,20.0,5.0,10.155857124329204,43.17152794111878,0.047579354581058726,30.0,0.030422112173795604,2,5.0,5.0,188.1008027224058,135.22476181698028,0.03759087368082416,30.0,0.030502212634714525,2,5.0,5.0,5
30,224.84652876853943,867.8486156463623,0.08348356932401657,22929.023331588432,33.17857069194763,871.5783881584624,0.20051689470627995,20.0,0.031154624386972304,2,35.0,20.0,445.6456755016003,880.1745662427677,0.04151276225375903,35.0,0.03155004416875283,2,5.0,5.0,236.89926880901558,895.5652871979444,0.4786403435406267,35.0,0.031175995817655185,2,20.0,5.0,10.155857124329204,43.17152794111878,0.0210759438767234,35.0,0.03149014321824653,2,5.0,5.0,188.1008027224058,135.22476181698028,0.01670189780663442,35.0,0.031579063675776065,2,5.0,5.0,5
31,249.80766415596008,869.2420527338982,0.06707173585891724,23693.32412089427,33.17857069194763,871.5783881584624,0.20446755845280876,25.0,0.0321924396516189,2,35.0,20.0,445.6456755016003,880.1745662427677,0.06275313135279856,40.0,0.03259570617424798,2,5.0,5.0,236.89926880901558,895.5652871979444,0.5979461334115561,40.0,0.03221151012047604,2,20.0,5.0,10.155857124329204,43.17152794111878,0.025657343877712912,40.0,0.03255216053133943,2,5.0,5.0,188.1008027224058,135.22476181698028,0.020572789498073805,40.0,0.03264791840650267,2,5.0,5.0,5
32,274.76879954338074,870.635489821434,0.09487011283636093,24457.62491020011,33.17857069194763,871.5783881584624,0.12079760064782558,30.0,0.03323266360051688,2,35.0,20.0,445.6456755016003,880.1745662427677,0.05478319210658434,45.0,0.03364301412418167,2,5.0,5.0,236.89926880901558,895.5652871979444,0.3815318725972663,45.0,0.03324770627835439,2,20.0,5.0,10.155857124329204,43.17152794111878,0.01788804345003314,45.0,0.033626193543770486,2,5.0,5.0,188.1008027224058,135.22476181698028,0.01444345930978534,45.0,0.03373141460443842,2,5.0,5.0,5
33,299.7299349308014,872.0289269089699,0.08383948355913162,25221.925699505948,33.17857069194763,871.5783881584624,0.11517418569663128,35.0,0.03427317473455169,2,35.0,20.0,445.6456755016003,880.1745662427677,0.07764971183004063,50.0,0.0346865054213546,2,5.0,5.0,236.89926880901558,895.5652871979444,0.35868837198387754,50.0,0.03428402189616511,2,20.0,5.0,10.155857124329204,43.17152794111878,0.019787140777347285,50.0,0.034696418184510004,2,5.0,5.0,188.1008027224058,135.22476181698028,0.016124072187705875,50.0,0.034809788615132425,2,5.0,5.0,5
34,324.69107031822205,873.4223639965057,0.08088479936122894,25986.226488811786,33.17857069194763,871.5783881584624,0.10183421345708889,40.0,0.0353144938735681,2,35.0,20.0,445.6456755016003,880.1745662427677,0.10227266569503002,55.0,0.035727794655898565,2,5.0,5.0,236.89926880901558,895.5652871979444,0.29622135642565245,55.0,0.03532075758110601,2,20.0,5.0,10.155857124329204,43.17152794111878,0.020051675962041087,55.0,0.03576616957677941,2,5.0,5.0,188.1008027224058,135.22476181698028,0.016467116807575514,55.0,0.03588724557546732,2,5.0,5.0,5
35,349.6522057056427,874.8158010840416,0.020600391551852226,26750.527278117625,33.17857069194763,871.5783881584624,0.3351456828378265,45.0,0.036350949525734234,2,35.0,20.0,445.6456755016003,880.1745662427677,0.5111004260598319,60.0,0.03676351393189701,2,5.0,5.0,236.89926880901558,895.5652871979444,0.9001632548799893,60.0,0.036355863265324605,2,20.0,5.0,10.155857124329204,43.17152794111878,0.07345639631645955,60.0,0.03681018291581146,2,5.0,5.0,188.1008027224058,135.22476181698028,0.061874036748766015,60.0,0.03693306833038261,2,5.0,5.0,5
36,374.61334109306335,876.2092383205891,0.039881929755210876,27514.828067311904,33.17857069194763,871.5783881584624,0.15341092769718942,50.0,0.03738992265442366,2,35.0,20.0,445.6456755016003,880.1745662427677,0.3389361983154369,65.0,0.03779994573215149,2,5.0,5.0,236.89926880901558,895.5652871979444,0.3705447255229359,65.0,0.03739211505494723,2,20.0,5.0,10.155857124329204,43.17152794111878,0.03815965045055868,65.0,0.03786313593842649,2,5.0,5.0,188.1008027224058,135.22476181698028,0.03194458835563524,65.0,0.03798964054667181,2,5.0,5.0,5
37,399.574476480484,877.6026754081249,0.026387233287096024,28279.128856617743,33.17857069194763,871.5783881584624,0.201427457545863,55.0,0.0384277904609426,2,35.0,20.0,445.6456755016003,880.1745662427677,0.634435902044728,70.0,0.038835390442086885,2,5.0,5.0,236.89926880901558,895.5652871979444,0.44418692882128963,70.0,0.03842804619221404,2,20.0,5.0,10.155857124329204,43.17152794111878,0.055340313675650205,70.0,0.03891031342444491,2,5.0,5.0,188.1008027224058,135.22476181698028,0.0468654628974926,70.0,0.039039137841699295,2,5.0,5.0,5
38,424.53561186790466,878.9961124956608,0.07145357131958008,29043.42964592358,33.17857069194763,871.5783881584624,0.06699791174626564,60.0,0.03947273561887288,2,35.0,20.0,445.6456755016003,880.1745662427677,0.27335792695442496,75.0,0.03987232758604168,2,5.0,5.0,236.89926880901558,895.5652871979444,0.13406794553685888,75.0,0.03946768784544556,2,20.0,5.0,10.155857124329204,43.17152794111878,0.02053848358808065,75.0,0.03997922578506107,2,5.0,5.0,188.1008027224058,135.22476181698028,0.01724877871901872,75.0,0.040114641458811204,2,5.0,5.0,5
39,399.6325170993805,881.1951732635498,0.04201221838593483,29807.73042164595,33.17857069194763,871.5783881584624,0.1278233257575367,65.0,0.040512636238844796,2,35.0,20.0,445.6456755016003,880.1745662427677,0.3999954664958508,80.0,0.04090843709008595,2,5.0,5.0,236.89926880901558,895.5652871979444,0.2814553005687857,80.0,0.04050454991422535,2,20.0,5.0,10.155857124329204,43.17152794111878,0.03514200280046986,80.0,0.041033776193628614,2,5.0,5.0,188.1008027224058,135.22476181698028,0.0294915434399764,80.0,0.041173061961196855,2,5.0,5.0,5
40,374.7294223308563,883.3942340314388,0.05654854327440262,30572.031197368316,33.17857069194763,871.5783881584624,0.10865606156087393,70.0,0.041553517410467374,2,35.0,20.0,445.6456755016003,880.1745662427677,0.2397527786855337,85.0,0.041945739757007654,2,5.0,5.0,236.89926880901558,895.5652871979444,0.2639327116715548,85.0,0.04154158022030091,2,20.0,5.0,10.155857124329204,43.17152794111878,0.02678372907468225,85.0,0.042094630040317126,2,5.0,5.0,188.1008027224058,135.22476181698028,0.02225495382404254,85.0,0.04223930879646341,2,5.0,5.0,5
41,349.82632756233215,885.5932947993279,0.0028830834198743105,31336.331973090684,33.17857069194763,871.5783881584624,1.9427849162416828,0.0,0.04258817500857288,0,40.0,20.0,445.6456755016003,880.1745662427677,3.447580521854802,0.0,0.04298021536784967,0,10.0,5.0,236.89926880901558,895.5652871979444,5.767754304451637,0.0,0.04257595141269784,0,25.0,5.0,10.155857124329204,43.17152794111878,0.37405042025243174,90.0,0.043130863726934615,2,5.0,5.0,188.1008027224058,135.22476181698028,0.35146378427314395,90.0,0.04327566540439673,2,5.0,5.0,2
42,324.923232793808,887.7923555672169,0.0601954348385334,32100.632748813052,33.17857069194763,871.5783881584624,0.13581209675995426,5.0,0.04362774858080597,2,40.0,20.0,445.6456755016003,880.1745662427677,0.13754717197811742,5.0,0.04401972292434377,2,10.0,5.0,236.89926880901558,895.5652871979444,0.405969427775458,5.0,0.04361203455436475,2,25.0,5.0,10.155857124329204,43.17152794111878,0.026005671615360174,95.0,0.044192510481129474,2,5.0,5.0,188.1008027224058,135.22476181698028,0.021258260452420553,95.0,0.044343407611935046,2,5.0,5.0,5
43,300.0201380252838,889.9914164841175,0.047916363924741745,32864.93352435937,33.17857069194763,871.5783881584624,0.19889412828566055,10.0,0.044665661394406024,2,40.0,20.0,445.6456755016003,880.1745662427677,0.1358503508961339,10.0,0.045059295022936166,2,10.0,5.0,236.89926880901558,895.5652871979444,0.6468275430637215,10.0,0.04464745739021865,2,25.0,5.0,10.155857124329204,43.17152794111878,0.03294405436958303,100.0,0.04524840854826574,2,5.0,5.0,188.1008027224058,135.22476181698028,0.026748142293359513,100.0,0.04540429671800665,2,5.0,5.0,5
44,275.11704325675964,892.1904772520065,0.004348139278590679,33629.234300081735,33.17857069194763,871.5783881584624,2.226167116076728,0.0,0.04570026737568782,0,45.0,20.0,445.6456755016003,880.1745662427677,1.1454132429497361,0.0,0.04609422487068026,0,15.0,5.0,236.89926880901558,895.5652871979444,7.976065109706719,0.0,0.045681780818238205,0,30.0,5.0,10.155857124329204,43.17152794111878,0.28932296460500556,105.0,0.046285201679079895,2,5.0,5.0,188.1008027224058,135.22476181698028,0.2547182024259024,105.0,0.046441424740401,2,5.0,5.0,2
45,250.21394848823547,894.3895381689072,0.04300273582339287,34393.535075628046,33.17857069194763,871.5783881584624,0.3130239266228636,5.0,0.04673687368189084,2,45.0,20.0,445.6456755016003,880.1745662427677,0.09786276741397516,5.0,0.04713582707754028,2,15.0,5.0,236.89926880901558,895.5652871979444,0.991365708770265,5.0,0.046716811249995056,2,30.0,5.0,10.155857124329204,43.17152794111878,0.03746966400169104,110.0,0.047338497257749544,2,5.0,5.0,188.1008027224058,135.22476181698028,0.02985134095749045,110.0,0.04749955513914925,2,5.0,5.0,5
46,243.42820465564728,870.3280824422836,0.07255728542804718,35157.83585840615,33.17857069194763,871.5783881584624,0.19869506138347276,10.0,0.04777479008062104,2,45.0,20.0,445.6456755016003,880.1745662427677,0.05515830797435481,10.0,0.04818304689494774,2,15.0,5.0,236.89926880901558,895.5652871979444,0.5623346232144247,10.0,0.047752402044551154,2,30.0,5.0,10.155857124329204,43.17152794111878,0.023791245446672018,115.0,0.048402684535450616,2,5.0,5.0,188.1008027224058,135.22476181698028,0.01900476270591467,115.0,0.048571256539963976,2,5.0,5.0,5
47,236.64246082305908,846.2666267156601,0.09997139871120453,35922.136641184254,33.17857069194763,871.5783881584624,0.15066735247869956,15.0,0.0488138475994353,2,45.0,20.0,445.6456755016003,880.1745662427677,0.037255921334673654,15.0,0.04923645116377818,2,15.0,5.0,236.89926880901558,895.5652871979444,0.3512289090490269,15.0,0.04878876001320984,2,30.0,5.0,10.155857124329204,43.17152794111878,0.018393321773686102,120.0,0.049475627502019365,2,5.0,5.0,188.1008027224058,135.22476181698028,0.014781812683165993,120.0,0.04965362786196155,2,5.0,5.0,5
48,229.8567169904709,822.2051709890366,0.030004726722836494,36686.43742396236,33.17857069194763,871.5783881584624,0.501747828412339,20.0,0.04984959312565344,2,45.0,20.0,445.6456755016003,880.1745662427677,0.11303684251929065,20.0,0.0502770789376678,2,15.0,5.0,236.89926880901558,895.5652871979444,0.9330694829491661,20.0,0.04982383689511632,2,30.0,5.0,10.155857124329204,43.17152794111878,0.06313730793196866,125.0,0.050521220662943976,2,5.0,5.0,188.1008027224058,135.22476181698028,0.05180376408931098,125.0,0.05070168113940797,2,5.0,5.0,5
49,223.0709731578827,798.143715262413,0.07047910243272781,37450.73820674046,33.17857069194763,871.5783881584624,0.21543642597281373,25.0,0.050887231111469304,2,45.0,20.0,445.6456755016003,880.1745662427677,0.04368808073592547,25.0,0.05132767789850519,2,15.0,5.0,236.89926880901558,895.5652871979444,0.3140632790750742,25.0,0.05086043565067827,2,30.0,5.0,10.155857124329204,43.17152794111878,0.029306238287710853,130.0,0.05157979335518974,2,5.0,5.0,188.1008027224058,135.22476181698028,0.024018363832434688,130.0,0.05176558629487744,2,5.0,5.0,5
50,216.2852293252945,774.0822595357895,0.03666740655899048,38215.038989518565,33.17857069194763,871.5783881584624,0.39763602274651216,30.0,0.051923351243895494,2,45.0,20.0,445.6456755016003,880.1745662427677,0.07513817342602694,30.0,0.05237147487131933,2,15.0,5.0,236.89926880901558,895.5652871979444,0.46910210029133653,30.0,0.05189628091295085,2,30.0,5.0,10.155857124329204,43.17152794111878,0.05902751731314263,135.0,0.05262616946175452,2,5.0,5.0,188.1008027224058,135.22476181698028,0.04916908586579128,135.0,0.052814373895580406,2,5.0,5.0,5
51,209.4994854927063,750.020803809166,0.08695431053638458,38979.33977229667,33.17857069194763,871.5783881584624,0.16116447675246817,35.0,0.05296210138944715,2,45.0,20.0,445.6456755016003,880.1745662427677,0.02838890717862889,35.0,0.0534308302216066,2,15.0,5.0,236.89926880901558,895.5652871979444,0.15708022035196736,35.0,0.05293514577779153,2,30.0,5.0,10.155857124329204,43.17152794111878,0.027132356081706117,140.0,0.05368668277991423,2,5.0,5.0,188.1008027224058,135.22476181698028,0.02263452017353547,140.0,0.05388008587966434,2,5.0,5.0,5
52,202.7137416601181,725.9593480825424,0.029920725151896477,39743.64055507477,33.17857069194763,871.5783881584624,0.42903659966364627,40.0,0.05399808957347384,2,45.0,20.0,445.6456755016003,880.1745662427677,0.07319810012695117,40.0,0.05447487767169802,2,15.0,5.0,236.89926880901558,895.5652871979444,0.36154690868281075,40.0,0.05397144562645597,2,30.0,5.0,10.155857124329204,43.17152794111878,0.08204021578602144,145.0,0.05472968465164917,2,5.0,5.0,188.1008027224058,135.22476181698028,0.06995165181480564,145.0,0.054924583533377834,2,5.0,5.0,5
53,195.9279978275299,701.8978923559189,0.04114864394068718,40507.94133785288,33.17857069194763,871.5783881584624,0.2885344925146101,45.0,0.05503488944430962,2,45.0,20.0,445.6456755016003,880.1745662427677,0.04751674797420093,45.0,0.055524167344486224,2,15.0,5.0,236.89926880901558,895.5652871979444,0.21430227020358697,45.0,0.055009101103601285,2,30.0,5.0,10.155857124329204,43.17152794111878,0.06475131287141551,150.0,0.05577499750511463,2,5.0,5.0,188.1008027224058,135.22476181698028,0.055549948588571096,150.0,0.05597171260560015,2,5.0,5.0,5
54,189.1422539949417,677.8364366292953,0.017947787418961525,41272.24212063098,33.17857069194763,871.5783881584624,0.5864979156550619,50.0,0.056070427338320274,2,45.0,20.0,445.6456755016003,880.1745662427677,0.09656425806178875,50.0,0.05656586715095112,2,15.0,5.0,236.89926880901558,895.5652871979444,0.39938687026344294,50.0,0.05604521333721368,2,30.0,5.0,10.155857124329204,43.17152794111878,0.15345564845076248,155.0,0.05681396928318571,2,5.0,5.0,188.1008027224058,135.22476181698028,0.13529817761225768,155.0,0.05701130605591998,2,5.0,5.0,5
55,182.35651016235352,653.7749809026718,0.04354638606309891,42036.542903409085,33.17857069194763,871.5783881584624,0.22356934465658138,55.0,0.057107945079778004,2,45.0,20.0,445.6456755016003,880.1745662427677,0.03581984074553386,55.0,0.05762003531160322,2,15.0,5.0,236.89926880901558,895.5652871979444,0.1395075986988,55.0,0.057084648277170975,2,30.0,5.0,10.155857124329204,43.17152794111878,0.07108995441830664,160.0,0.05785830440261488,2,5.0,5.0,188.1008027224058,135.22476181698028,0.06238850188567199,160.0,0.05805703418715191,2,5.0,5.0,5
56,175.57076632976532,629.7135251760483,0.09930300712585449,42800.84368618719,33.17857069194763,871.5783881584624,0.08890894194768807,60.0,0.058150278188215054,2,45.0,20.0,445.6456755016003,880.1745662427677,0.014117694859019132,60.0,0.05870466547903001,2,15.0,5.0,236.89926880901558,895.5652871979444,0.052051943883949056,60.0,0.058132636213535885,2,30.0,5.0,10.155857124329204,43.17152794111878,0.034286652272259854,165.0,0.058913358729439216,2,5.0,5.0,188.1008027224058,135.22476181698028,0.030262651700806446,165.0,0.059114841397038834,2,5.0,5.0,5
57,168.78502249717712,605.6520694494247,0.02331876941025257,43565.14446896529,33.17857069194763,871.5783881584624,0.3305559101316072,65.0,0.059186763449367324,2,45.0,20.0,445.6456755016003,880.1745662427677,0.05369194891457396,65.0,0.05975223681419144,2,15.0,5.0,236.89926880901558,895.5652871979444,0.18694880687408197,65.0,0.05917077764147426,2,30.0,5.0,10.155857124329204,43.17152794111878,0.1518658531846044,170.0,0.05995237900887639,2,5.0,5.0,188.1008027224058,135.22476181698028,0.13816166601426844,170.0,0.06015432597049769,2,5.0,5.0,5
58,161.99927866458893,581.5906137228012,0.05816696956753731,44329.4452517434,33.17857069194763,871.5783881584624,0.12105299255350316,70.0,0.06022697498830841,2,45.0,20.0,445.6456755016003,880.1745662427677,0.01951914017001589,70.0,0.06082295398321748,2,15.0,5.0,236.89926880901558,895.5652871979444,0.06550463104156821,70.0,0.060215964391380675,2,30.0,5.0,10.155857124329204,43.17152794111878,0.0684867979270494,175.0,0.060997093771167736,2,5.0,5.0,188.1008027224058,135.22476181698028,0.0623352645881582,175.0,0.061200063821041,2,5.0,5.0,5
59,155.21353483200073,557.5291579961777,0.0573042631149292,45093.7460345215,33.17857069194763,871.5783881584624,0.11008811935294713,75.0,0.06126777110854503,2,45.0,20.0,445.6456755016003,880.1745662427677,0.017930765072531725,75.0,0.06189689245405944,2,15.0,5.0,236.89926880901558,895.5652871979444,0.057978230471885855,75.0,0.0612625581772534,2,30.0,5.0,10.155857124329204,43.17152794111878,0.07592330114169962,180.0,0.0620407930153365,2,5.0,5.0,188.1008027224058,135.22476181698028,0.07010786149861577,180.0,0.062244538857781535,2,5.0,5.0,5
60,148.42779099941254,533.4677022695541,0.023497505113482475,45858.046817299604,33.17857069194763,871.5783881584624,0.2363281706523331,80.0,0.062305116838694,2,45.0,20.0,445.6456755016003,880.1745662427677,0.03950359653581888,80.0,0.06294921260049564,2,15.0,5.0,236.89926880901558,895.5652871979444,0.12294790361230355,80.0,0.06230267924775904,2,30.0,5.0,10.155857124329204,43.17152794111878,0.1966673969839554,185.0,0.06307874634407024,2,5.0,5.0,188.1008027224058,135.22476181698028,0.18671140892482221,185.0,0.06328268512488432,2,5.0,5.0,5
61,141.64204716682434,509.4062465429306,0.055906303226947784,46622.34760007771,33.17857069194763,871.5783881584624,0.09110696476012492,85.0,0.0633472572259896,2,45.0,20.0,445.6456755016003,880.1745662427677,0.015203081312629882,85.0,0.06403025336624861,2,15.0,5.0,236.89926880901558,895.5652871979444,0.046256859632583955,85.0,0.06335237584200312,2,30.0,5.0,10.155857124329204,43.17152794111878,0.09397199277136035,190.0,0.06412064905408069,2,5.0,5.0,188.1008027224058,135.22476181698028,0.08942300819647023,190.0,0.06432497231206125,2,5.0,5.0,5
62,134.85630333423615,485.34479081630707,0.07704214006662369,47386.64838285581,33.17857069194763,871.5783881584624,0.05987681403672154,90.0,0.06439346272731535,2,45.0,20.0,445.6456755016003,880.1745662427677,0.010092844811965113,90.0,0.06513493300064144,2,15.0,5.0,236.89926880901558,895.5652871979444,0.029984475145977955,90.0,0.06441040065965505,2,30.0,5.0,10.155857124329204,43.17152794111878,0.07595433935147344,195.0,0.06516434447627054,2,5.0,5.0,188.1008027224058,135.22476181698028,0.07319363421439633,195.0,0.06536902035404553,2,5.0,5.0,5
63,128.0705600976944,461.28333508968353,0.02609662525355816,48150.94916780696,33.17857069194763,871.5783881584624,0.15680266272551835,95.0,0.0654323356047408,2,45.0,20.0,445.6456755016003,880.1745662427677,0.027172728895520536,95.0,0.06619540744834403,2,15.0,5.0,236.89926880901558,895.5652871979444,0.07849445428583571,95.0,0.06545379353862653,2,30.0,5.0,10.155857124329204,43.17152794111878,0.24144737188249507,200.0,0.06620162628453792,2,5.0,5.0,188.1008027224058,135.22476181698028,0.23933280380522917,200.0,0.06640632823592922,2,5.0,5.0,5
64,121.28481686115265,437.22187936306,0.04274773970246315,48915.24995275811,33.17857069194763,871.5783881584624,0.08789268604955733,100.0,0.06647476107446802,2,45.0,20.0,445.6456755016003,880.1745662427677,0.015298601885061085,100.0,0.06727615670825444,2,15.0,5.0,236.89926880901558,895.5652871979444,0.04348063294807151,100.0,0.06650447002437347,2,30.0,5.0,10.155857124329204,43.17152794111878,0.16807958368297712,205.0,0.06724019488687058,2,5.0,5.0,188.1008027224058,135.22476181698028,0.167708096998422,205.0,0.0674449062111031,2,5.0,5.0,5
65,114.4990736246109,413.16042363643646,0.00952793937176466,49679.55073770926,33.17857069194763,871.5783881584624,0.3374081822693749,105.0,0.06751120242571958,2,45.0,20.0,445.6456755016003,880.1745662427677,0.062239977559212394,105.0,0.06832191199645368,2,15.0,5.0,236.89926880901558,895.5652871979444,0.17061815985379003,105.0,0.0675429756672491,2,30.0,5.0,10.155857124329204,43.17152794111878,0.768144583068151,210.0,0.06827544027102832,2,5.0,5.0,188.1008027224058,135.22476181698028,0.8075738932757112,210.0,0.06848010519764267,2,5.0,5.0,5
66,107.71333038806915,389.0989679098129,0.030315682291984558,50443.85152266041,33.17857069194763,871.5783881584624,0.10225024821065481,110.0,0.06855249318302334,2,45.0,20.0,445.6456755016003,880.1745662427677,0.018351431918244166,110.0,0.06939494305090069,2,15.0,5.0,236.89926880901558,895.5652871979444,0.05032860730386716,110.0,0.06859143062184149,2,30.0,5.0,10.155857124329204,43.17152794111878,0.2987706082435282,215.0,0.06931215539530076,2,5.0,5.0,188.1008027224058,135.22476181698028,0.30657349434819486,215.0,0.06951675950327654,2,5.0,5.0,5
67,100.92758655548096,365.0375121831894,0.07570450007915497,51208.15230543851,33.17857069194763,871.5783881584624,0.038084365983802854,115.0,0.06960548297874632,2,45.0,20.0,445.6456755016003,880.1745662427677,0.006838862069855087,115.0,0.07053308420796653,2,15.0,5.0,236.89926880901558,895.5652871979444,0.018574946628795674,115.0,0.06966399625514341,2,30.0,5.0,10.155857124329204,43.17152794111878,0.14020830873988563,220.0,0.07035156487210292,2,5.0,5.0,188.1008027224058,135.22476181698028,0.1432285023416172,220.0,0.07055606207642527,2,5.0,5.0,5
68,94.14184331893921,340.97605645656586,0.032575469464063644,51972.45309038966,33.17857069194763,871.5783881584624,0.08018017000207188,120.0,0.07064868565587194,2,45.0,20.0,445.6456755016003,880.1745662427677,0.014713003264419008,120.0,0.07161568010011848,2,15.0,5.0,236.89926880901558,895.5652871979444,0.03928833249157713,120.0,0.07071641485951234,2,30.0,5.0,10.155857124329204,43.17152794111878,0.367050109049631,225.0,0.07138783504922688,2,5.0,5.0,188.1008027224058,135.22476181698028,0.3781041539806876,225.0,0.07159227524555728,2,5.0,5.0,5
69,87.35610008239746,316.9146007299423,0.022023361176252365,52736.75387534081,33.17857069194763,871.5783881584624,0.10798800496792729,125.0,0.07168960727502136,2,45.0,20.0,445.6456755016003,880.1745662427677,0.02020435453621349,125.0,0.07268516399334828,2,15.0,5.0,236.89926880901558,895.5652871979444,0.05314176721305279,125.0,0.07176412308867011,2,30.0,5.0,10.155857124329204,43.17152794111878,0.6199396643244687,230.0,0.07242330644026958,2,5.0,5.0,188.1008027224058,135.22476181698028,0.6363154292374874,230.0,0.0726277165837667,2,5.0,5.0,5
70,80.57035684585571,292.8531450033188,0.07090610265731812,53501.05466029196,33.17857069194763,871.5783881584624,0.03173837984966293,130.0,0.07274632386415113,2,45.0,20.0,445.6456755016003,880.1745662427677,0.005894318476968644,130.0,0.07383993665084729,2,15.0,5.0,236.89926880901558,895.5652871979444,0.015449955760443747,130.0,0.0728444178333881,2,30.0,5.0,10.155857124329204,43.17152794111878,0.2356732012609132,235.0,0.07346066054850559,2,5.0,5.0,188.1008027224058,135.22476181698028,0.23185391315961615,235.0,0.0736651204862991,2,5.0,5.0,5
71,73.78461360931396,268.79168927669525,0.08724445104598999,54265.355445243105,33.17857069194763,871.5783881584624,0.0239301798846769,135.0,0.07381033792413569,2,45.0,20.0,445.6456755016003,880.1745662427677,0.004482381694199749,135.0,0.07503264073590804,2,15.0,5.0,236.89926880901558,895.5652871979444,0.011641810804060399,135.0,0.07393974045172905,2,30.0,5.0,10.155857124329204,43.17152794111878,0.22873402619851171,240.0,0.07449810635672817,2,5.0,5.0,188.1008027224058,135.22476181698028,0.21421058183304417,240.0,0.07470277738556197,2,5.0,5.0,5
72,66.99887037277222,244.73023355007172,0.03502008691430092,55029.656230194254,33.17857069194763,871.5783881584624,0.05458762622253991,140.0,0.07485769230202502,2,45.0,20.0,445.6456755016003,880.1745662427677,0.010426695363582981,140.0,0.07613506861597798,2,15.0,5.0,236.89926880901558,895.5652871979444,0.02673179032534059,140.0,0.07500064579080773,2,30.0,5.0,10.155857124329204,43.17152794111878,0.6721888679910355,245.0,0.07553348689846998,2,5.0,5.0,188.1008027224058,135.22476181698028,0.587782239412767,245.0,0.07573831258787739,2,5.0,5.0,5
73,60.21312654018402,220.66877782344818,0.05153127387166023,55793.95701297236,33.17857069194763,871.5783881584624,0.0347551956784182,145.0,0.07591246752096133,2,45.0,20.0,445.6456755016003,880.1745662427677,0.006664503069626165,145.0,0.07727592508548312,2,15.0,5.0,236.89926880901558,895.5652871979444,0.01698190610341648,145.0,0.07607679609631271,2,30.0,5.0,10.155857124329204,43.17152794111878,0.5656401116937826,250.0,0.07656907019316869,2,5.0,5.0,188.1008027224058,135.22476181698028,0.43812729356416635,250.0,0.07677426607288389,2,5.0,5.0,5
74,53.42738330364227,196.60732209682465,0.024161139503121376,56558.25779792351,33.17857069194763,871.5783881584624,0.06792852536324066,150.0,0.07695726748925896,2,45.0,20.0,445.6456755016003,880.1745662427677,0.013307192928535636,150.0,0.07836361746970565,2,15.0,5.0,236.89926880901558,895.5652871979444,0.03347994999598751,150.0,0.07713234927200992,2,30.0,5.0,10.155857124329204,43.17152794111878,1.4576838863558919,0.0,0.07760385952524426,0,10.0,5.0,188.1008027224058,135.22476181698028,0.9693701130058442,255.0,0.07780931339221415,2,5.0,5.0,4
75,46.641640067100525,172.5458663702011,0.04903658851981163,57322.558582874655,33.17857069194763,871.5783881584624,0.031782407012849075,155.0,0.07801395309635215,2,45.0,20.0,445.6456755016003,880.1745662427677,0.006203227489818229,155.0,0.0795123935144136,2,15.0,5.0,236.89926880901558,895.5652871979444,0.01557284064786061,155.0,0.07821228149220624,2,30.0,5.0,10.155857124329204,43.17152794111878,0.9308306921364569,5.0,0.07863893830382451,2,10.0,5.0,188.1008027224058,135.22476181698028,0.49306550212440825,260.0,0.07884508416848034,2,5.0,5.0,5
76,39.85589683055878,148.48441064357758,0.011768036521971226,58086.859367825804,33.17857069194763,871.5783881584624,0.11797871892075604,160.0,0.0790543175854353,2,45.0,20.0,445.6456755016003,880.1745662427677,0.02406870289119034,160.0,0.08057623686043966,2,15.0,5.0,236.89926880901558,895.5652871979444,0.05915075830388265,160.0,0.07925863253854168,2,30.0,5.0,10.155857124329204,43.17152794111878,4.57242526433032,0.0,0.07967335148938891,0,15.0,5.0,188.1008027224058,135.22476181698028,1.911964928578521,0.0,0.07987974824413652,0,10.0,5.0,3
77,33.07015359401703,124.42295491695404,0.01529430691152811,58851.16015277695,33.17857069194763,871.5783881584624,0.08639888315933535,165.0,0.08009688275969147,2,45.0,20.0,445.6456755016003,880.1745662427677,0.017570371767339856,165.0,0.08165098728927962,2,15.0,5.0,236.89926880901558,895.5652871979444,0.04310906645578023,165.0,0.0803094497464497,2,30.0,5.0,10.155857124329204,43.17152794111878,4.621878686193808,0.0,0.08070776256064213,0,20.0,10.0,188.1008027224058,135.22476181698028,1.40516530602282,0.0,0.08091455700398296,0,15.0,10.0,3
78,26.284409761428833,100.3614991903305,0.03123101033270359,59615.46093555506,33.17857069194763,871.5783881584624,0.040784393813558084,170.0,0.08114863857862635,2,45.0,20.0,445.6456755016003,880.1745662427677,0.008198708959623604,170.0,0.08277191419541381,2,15.0,5.0,236.89926880901558,895.5652871979444,0.0201556388873174,170.0,0.08137901855123679,2,30.0,5.0,10.155857124329204,43.17152794111878,2.9868761858490847,0.0,0.08174227577727283,0,25.0,15.0,188.1008027224058,135.22476181698028,0.6443008235043938,5.0,0.08194998423287846,2,15.0,10.0,4
79,19.498666524887085,76.30004346370697,0.047317326068878174,60379.761720506205,33.17857069194763,871.5783881584624,0.025550941553679735,175.0,0.08221077109930088,2,45.0,20.0,445.6456755016003,880.1745662427677,0.005139734451248556,175.0,0.08394436594004322,2,15.0,5.0,236.89926880901558,895.5652871979444,0.012600846380019098,175.0,0.08246970087953712,2,30.0,5.0,10.155857124329204,43.17152794111878,2.418535412074708,0.0,0.0827768532062171,0,30.0,20.0,188.1008027224058,135.22476181698028,0.38276751028910494,10.0,0.08298617433263318,2,15.0,10.0,4
80,12.712923288345337,52.238587737083435,0.06950411945581436,61144.062505457354,33.17857069194763,871.5783881584624,0.01648483104308696,180.0,0.0832881817410351,2,45.0,20.0,445.6456755016003,880.1745662427677,0.00332496181824546,180.0,0.08519219157147677,2,15.0,5.0,236.89926880901558,895.5652871979444,0.008124359300143076,180.0,0.08359142005382793,2,30.0,5.0,10.155857124329204,43.17152794111878,1.8414466819537483,0.0,0.08381153287074017,0,35.0,25.0,188.1008027224058,135.22476181698028,0.23033398377471268,15.0,0.08402359850919718,2,15.0,10.0,4
81,35.31096816062927,62.93103277683258,0.04814082384109497,61908.36327697107,33.17857069194763,871.5783881584624,0.024316557607898238,185.0,0.08435172448738652,2,45.0,20.0,445.6456755016003,880.1745662427677,0.005001767210953682,185.0,0.08636845255459785,2,15.0,5.0,236.89926880901558,895.5652871979444,0.012129846631498626,185.0,0.08468428962258466,2,30.0,5.0,10.155857124329204,43.17152794111878,2.413134880624949,0.0,0.08484611104333742,0,40.0,30.0,188.1008027224058,135.22476181698028,0.4087912316181919,20.0,0.08505966946434786,2,15.0,10.0,4
82,57.90901303291321,73.62347781658173,0.0093829445540905,62672.66404848478,33.17857069194763,871.5783881584624,0.11987496222903199,190.0,0.08539199370908786,2,45.0,20.0,445.6456755016003,880.1745662427677,0.02631764693125824,190.0,0.08742977574891925,2,15.0,5.0,236.89926880901558,895.5652871979444,0.06217231188784344,190.0,0.08573005732613966,2,30.0,5.0,10.155857124329204,43.17152794111878,9.300468764432146,0.0,0.0858804153851337,0,45.0,35.0,188.1008027224058,135.22476181698028,2.4687864218526903,0.0,0.08609424011877352,0,20.0,10.0,3
83,80.50705790519714,84.31592285633087,0.07445727288722992,63436.964819998495,33.17857069194763,871.5783881584624,0.01661117861791096,195.0,0.08646907684643025,2,45.0,20.0,445.6456755016003,880.1745662427677,0.0035288135470267793,195.0,0.08866526962599489,2,15.0,5.0,236.89926880901558,895.5652871979444,0.008451157460812299,195.0,0.08684839816964864,2,30.0,5.0,10.155857124329204,43.17152794111878,1.0433576802722506,0.0,0.08691540865171433,0,50.0,40.0,188.1008027224058,135.22476181698028,0.4242093342639511,5.0,0.08713024732742333,2,20.0,10.0,4
84,103.10510277748108,95.00836789608002,0.059981804341077805,64201.26559151221,33.17857069194763,871.5783881584624,0.021035647327230032,200.0,0.0875371724066797,2,45.0,20.0,445.6456755016003,880.1745662427677,0.004571104444172313,200.0,0.0898549002255461,2,15.0,5.0,236.89926880901558,895.5652871979444,0.010848395104281686,200.0,0.08794817986215998,2,30.0,5.0,10.155857124329204,43.17152794111878,1.0064053133335744,0.0,0.0879504279496179,0,55.0,45.0,188.1008027224058,135.22476181698028,0.6737638822632959,10.0,0.08816562534583623,2,20.0,10.0,4
85,125.70314764976501,105.70081293582916,0.05093477666378021,64965.56636302592,33.17857069194763,871.5783881584624,0.025237972322621857,205.0,0.08859964942673927,2,45.0,20.0,445.6456755016003,880.1745662427677,0.005618802069103284,205.0,0.09101557756820378,2,15.0,5.0,236.89926880901558,895.5652871979444,0.013203702229550474,205.0,0.08903629031814823,2,30.0,5.0,10.155857124329204,43.17152794111878,0.9236061633071941,5.0,0.08898551290978232,2,55.0,45.0,188.1008027224058,135.22476181698028,1.0101953950644214,0.0,0.08920064188874066,0,25.0,10.0,4
86,148.30119252204895,116.39325797557831,0.03205247223377228,65729.86713453963,33.17857069194763,871.5783881584624,0.040519248151762846,210.0,0.08965151914260375,2,45.0,20.0,445.6456755016003,880.1745662427677,0.009304800721868744,210.0,0.092126213256619,2,15.0,5.0,236.89926880901558,895.5652871979444,0.021587254097109935,210.0,0.09010352365895521,2,30.0,5.0,10.155857124329204,43.17152794111878,1.1444257055223084,0.0,0.0900204433187073,0,60.0,45.0,188.1008027224058,135.22476181698028,1.9678916778048208,0.0,0.09023529435141496,0,30.0,10.0,3
87,170.89923739433289,127.08570301532745,0.0804101899266243,66494.16790605334,33.17857069194763,871.5783881584624,0.016681131346269647,215.0,0.09072842308985543,2,45.0,20.0,445.6456755016003,880.1745662427677,0.0038896519505316252,215.0,0.09334304766767919,2,15.0,5.0,236.89926880901558,895.5652871979444,0.008963533640794346,215.0,0.09121706361395156,2,30.0,5.0,10.155857124329204,43.17152794111878,0.37544673288826447,5.0,0.09105666988839725,2,60.0,45.0,188.1008027224058,135.22476181698028,0.9168601245422341,5.0,0.09127038516939884,2,30.0,10.0,5
88,166.35174214839935,151.66863024234772,0.04645735025405884,67258.46867458979,33.17857069194763,871.5783881584624,0.030621064069665558,220.0,0.09178595575464496,2,45.0,20.0,445.6456755016003,880.1745662427677,0.007087963792168879,220.0,0.09447754129741119,2,15.0,5.0,236.89926880901558,895.5652871979444,0.016446476463560882,220.0,0.09229457466983856,2,30.0,5.0,10.155857124329204,43.17152794111878,0.596455196092548,10.0,0.09209218721301836,2,60.0,45.0,188.1008027224058,135.22476181698028,1.5199507060545412,0.0,0.09230515313358516,0,35.0,10.0,4
89,161.8042466044426,176.25155746936798,0.018156636506319046,68022.7694423981,33.17857069194763,871.5783881584624,0.08172504495250317,225.0,0.09282899100847854,2,45.0,20.0,445.6456755016003,880.1745662427677,0.019015019401733807,225.0,0.09554922255233382,2,15.0,5.0,236.89926880901558,895.5652871979444,0.04421780970387214,225.0,0.09334497896655769,2,30.0,5.0,10.155857124329204,43.17152794111878,1.3317734151289842,0.0,0.09312702557625502,0,65.0,45.0,188.1008027224058,135.22476181698028,3.2917426445949056,0.0,0.09333964038984331,0,40.0,10.0,3
90,157.25675106048584,200.83448469638824,0.006744831800460815,68787.07021020641,33.17857069194763,871.5783881584624,0.22036793959467918,230.0,0.09386655502629512,2,45.0,20.0,445.6456755016003,880.1745662427677,0.05307372530231243,230.0,0.09659694790856886,2,15.0,5.0,236.89926880901558,895.5652871979444,0.12222926374124274,230.0,0.09438513401713515,2,30.0,5.0,10.155857124329204,43.17152794111878,2.884613242767556,0.0,0.09416154862007176,0,70.0,45.0,188.1008027224058,135.22476181698028,6.719569816253191,0.0,0.09437398768266902,0,45.0,15.0,3
91,152.70925551652908,225.4174119234085,0.06505398452281952,69551.37097801472,33.17857069194763,871.5783881584624,0.02715584476940874,235.0,0.09492704571577044,2,45.0,20.0,445.6456755016003,880.1745662427677,0.00597846976510597,235.0,0.09775002558903065,2,15.0,5.0,236.89926880901558,895.5652871979444,0.014357914649784849,235.0,0.095468923009717,2,30.0,5.0,10.155857124329204,43.17152794111878,0.3120056450263722,5.0,0.09519816237236267,2,70.0,45.0,188.1008027224058,135.22476181698028,0.6043515378531136,5.0,0.09540948917031582,2,45.0,15.0,5
92,148.16175997257233,250.00033915042877,0.05232938379049301,70315.67174582303,33.17857069194763,871.5783881584624,0.03630871743471876,240.0,0.09598094704583408,2,45.0,20.0,445.6456755016003,880.1745662427677,0.007859577421534262,240.0,0.09887468801670002,2,15.0,5.0,236.89926880901558,895.5652871979444,0.01911380061836614,240.0,0.09654041134836296,2,30.0,5.0,10.155857124329204,43.17152794111878,0.34144842767933326,10.0,0.09623457865437961,2,70.0,45.0,188.1008027224058,135.22476181698028,0.5863881951173504,10.0,0.0964450272948185,2,45.0,15.0,5
93,143.6142647266388,274.58326637744904,0.04345475509762764,71079.97251435948,33.17857069194763,871.5783881584624,0.04715716309266193,245.0,0.0970303506412191,2,45.0,20.0,445.6456755016003,880.1745662427677,0.010015940769623909,245.0,0.09997990762511293,2,15.0,5.0,236.89926880901558,895.5652871979444,0.0247003690204267,245.0,0.0976035005094023,2,30.0,5.0,10.155857124329204,43.17152794111878,0.3611473741724009,15.0,0.09727088069217484,2,70.0,45.0,188.1008027224058,135.22476181698028,0.5553500630606805,15.0,0.09748063422640663,2,45.0,15.0,5
94,139.06676918268204,299.1661936044693,0.06589218974113464,71844.2732821678,33.17857069194763,871.5783881584624,0.033958320665228185,250.0,0.0980856051419964,2,45.0,20.0,445.6456755016003,880.1745662427677,0.007011604449632119,250.0,0.10111549181715865,2,15.0,5.0,236.89926880901558,895.5652871979444,0.01761133260065603,250.0,0.09867815698061598,2,30.0,5.0,10.155857124329204,43.17152794111878,0.21243444883515633,20.0,0.09830856538138645,2,70.0,45.0,188.1008027224058,135.22476181698028,0.2945288474009622,20.0,0.09851738375768256,2,45.0,15.0,5
95,134.51927363872528,323.74912083148956,0.061897024512290955,72608.5740499761,33.17857069194763,871.5783881584624,0.03933338975466546,255.0,0.0991380030488097,2,45.0,20.0,445.6456755016003,880.1745662427677,0.007913432684083965,255.0,0.10223953964605381,2,15.0,5.0,236.89926880901558,895.5652871979444,0.02023978881711127,255.0,0.0997475793685389,2,30.0,5.0,10.155857124329204,43.17152794111878,0.19976071108872806,25.0,0.09934646267116067,2,70.0,45.0,188.1008027224058,135.22476181698028,0.25420939243654106,25.0,0.09955451738137622,2,45.0,15.0,5
96,129.97177809476852,348.3320480585098,0.02201034687459469,73372.87481778441,33.17857069194763,871.5783881584624,0.11816015178782847,260.0,0.1001783582905408,2,45.0,20.0,445.6456755016003,880.1745662427677,0.02346755539549455,260.0,0.10330413844236368,2,15.0,5.0,236.89926880901558,895.5652871979444,0.060844795767285076,260.0,0.10079359622944088,2,30.0,5.0,10.155857124329204,43.17152794111878,0.47992427595687537,30.0,0.10038227338328136,2,70.0,45.0,188.1008027224058,135.22476181698028,0.5756787997844226,30.0,0.10059007842011017,2,45.0,15.0,5
97,125.42428255081177,372.9149752855301,0.06482423096895218,74137.17558559272,33.17857069194763,871.5783881584624,0.04506333516745474,265.0,0.10122846135562945,2,45.0,20.0,445.6456755016003,880.1745662427677,0.008508485953953765,265.0,0.1044219133984453,2,15.0,5.0,236.89926880901558,895.5652871979444,0.02272411958980006,265.0,0.10185918456457256,2,30.0,5.0,10.155857124329204,43.17152794111878,0.150677961372078,35.0,0.10142133056986523,2,70.0,45.0,188.1008027224058,135.22476181698028,0.16695443704541826,35.0,0.10162867553850624,2,45.0,15.0,5
98,120.87678700685501,397.49790251255035,0.02770329639315605,74901.47635340103,33.17857069194763,871.5783881584624,0.11433790740342051,270.0,0.10226901760850386,2,45.0,20.0,445.6456755016003,880.1745662427677,0.02104259378374683,270.0,0.10548999781961596,2,15.0,5.0,236.89926880901558,895.5652871979444,0.05736256950871886,270.0,0.10290590977824889,2,30.0,5.0,10.155857124329204,43.17152794111878,0.306655011359412,40.0,0.10245798425637746,2,70.0,45.0,188.1008027224058,135.22476181698028,0.3250815897002963,40.0,0.10266519720169878,2,45.0,15.0,5
99,116.32929176092148,422.0808297395706,0.06572551280260086,75665.77712193748,33.17857069194763,871.5783881584624,0.054240689970699064,275.0,0.10331645517374263,2,45.0,20.0,445.6456755016003,880.1745662427677,0.009454427050320867,275.0,0.10659942626613293,2,15.0,5.0,236.89926880901558,895.5652871979444,0.026638012922451715,275.0,0.10396690859735844,2,30.0,5.0,10.155857124329204,43.17152794111878,0.1190497839601726,45.0,0.10349829456247779,2,70.0,45.0,188.1008027224058,135.22476181698028,0.11903440725013312,45.0,0.10370550827878335,2,45.0,15.0,5
100,111.78179621696472,446.6637569665909,0.08432106673717499,76430.0778897458,33.17857069194763,871.5783881584624,0.047181372928914986,280.0,0.10436585104452932,2,45.0,20.0,445.6456755016003,880.1745662427677,0.007825060799499817,280.0,0.10772448704763142,2,15.0,5.0,236.89926880901558,895.5652871979444,0.022767490666024907,280.0,0.10503243742910266,2,30.0,5.0,10.155857124329204,43.17152794111878,0.08389530643858113,50.0,0.1045411050280243,2,70.0,45.0,188.1008027224058,135.22476181698028,0.0803413796122514,50.0,0.10474869318433946,2,45.0,15.0,5
